system,tier,structure_suffix,residue_numbers,atom_count,link_atoms,waters,charge,ligand_charge,environment_charge,electron_count,multiplicity,ligand_fragment_atoms,environment_fragment_atoms
WT_TMP,compact_primary,protonatedN1,"[27, 28, 31, 94]",116,6,0,0,1,-1,422,1,40,76
WT_4DTMP,compact_primary,protonatedN1,"[27, 28, 31, 94]",113,6,0,0,1,-1,414,1,37,76
L28R_TMP,compact_primary,protonatedN1,"[27, 28, 31, 94]",121,6,0,1,1,0,444,1,40,81
L28R_4DTMP,compact_primary,protonatedN1,"[27, 28, 31, 94]",118,6,0,1,1,0,436,1,37,81
WT_TMP,compact_neutral,neutral,"[27, 28, 31, 94]",115,6,0,-1,0,-1,422,1,39,76
WT_4DTMP,compact_neutral,neutral,"[27, 28, 31, 94]",96,6,0,-1,0,-1,398,1,20,76
L28R_TMP,compact_neutral,neutral,"[27, 28, 31, 94]",120,6,0,0,0,0,444,1,39,81
L28R_4DTMP,compact_neutral,neutral,"[27, 28, 31, 94]",117,6,0,0,0,0,436,1,36,81
WT_TMP,expanded_primary,protonatedN1,"[5, 6, 7, 19, 20, 27, 28, 31, 49, 50, 54, 94, 100, 113]",278,18,0,0,1,-1,990,1,40,238
WT_4DTMP,expanded_primary,protonatedN1,"[5, 6, 7, 19, 20, 27, 28, 31, 49, 50, 54, 94, 100, 113]",275,18,0,0,1,-1,982,1,37,238
L28R_TMP,expanded_primary,protonatedN1,"[5, 6, 7, 19, 20, 27, 28, 31, 49, 50, 54, 94, 100, 113]",283,18,0,1,1,0,1012,1,40,243
L28R_4DTMP,expanded_primary,protonatedN1,"[5, 6, 7, 19, 20, 27, 28, 31, 49, 50, 54, 94, 100, 113]",280,18,0,1,1,0,1004,1,37,243
WT_TMP,compact_hydrated,protonatedN1,"[27, 28, 31, 94]",125,6,3,0,1,-1,452,1,40,85
WT_4DTMP,compact_hydrated,protonatedN1,"[27, 28, 31, 94]",122,6,3,0,1,-1,444,1,37,85
L28R_TMP,compact_hydrated,protonatedN1,"[27, 28, 31, 94]",136,6,5,1,1,0,494,1,40,96
L28R_4DTMP,compact_hydrated,protonatedN1,"[27, 28, 31, 94]",130,6,4,1,1,0,476,1,37,93
