group_id,observable_count,qwc,generally_commuting,incompatible_pair_count,involved_qubits,proposed_strategy,validation_status,notes
WT_TMP_G0001,25,true,true,0,0;1;2;3;4;5;6;7;8;9;10;11,NonConflictingSets,pass,QWC
WT_TMP_G0002,29,true,true,0,0;1;2;3;4;5;6;7;8;9;10;11,NonConflictingSets,pass,QWC
WT_TMP_G0003,48,true,true,0,0;1;2;3;4;5;6;7;8;9;10;11,NonConflictingSets,pass,QWC
WT_TMP_G0004,6,true,true,0,0;1;2;3;4;5;6;7;8;9;10;11,NonConflictingSets,pass,QWC
WT_TMP_G0005,23,true,true,0,0;1;2;3;4;5;6;7;8;9;10;11,NonConflictingSets,pass,QWC
WT_TMP_G0006,23,true,true,0,0;1;2;3;4;5;6;7;8;9;10;11,NonConflictingSets,pass,QWC
WT_TMP_G0007,13,true,true,0,0;1;2;3;4;5;6;7;8;9;10;11,NonConflictingSets,pass,QWC
WT_TMP_G0008,16,true,true,0,0;1;2;3;4;5;6;7;8;9;10;11,NonConflictingSets,pass,QWC
WT_TMP_G0009,11,true,true,0,0;1;2;3;4;5;6;7;8;9;10;11,NonConflictingSets,pass,QWC
WT_TMP_G0010,3,true,true,0,0;1;2;3;4;5;6;7;8;9;10;11,NonConflictingSets,pass,QWC
WT_TMP_G0011,5,true,true,0,0;1;2;3;4;5;6;7;8;9;10;11,NonConflictingSets,pass,QWC
WT_TMP_G0012,3,true,true,0,0;1;2;3;4;5;6;7;8;9;10;11,NonConflictingSets,pass,QWC
WT_TMP_G0013,19,true,true,0,0;1;2;3;4;5;6;7;8;9;10;11,NonConflictingSets,pass,QWC
WT_TMP_G0014,9,true,true,0,0;1;2;3;4;5;6;7;8;9;10;11,NonConflictingSets,pass,QWC
WT_TMP_G0015,11,true,true,0,0;1;2;3;4;5;6;7;8;9;10;11,NonConflictingSets,pass,QWC
WT_TMP_G0016,9,true,true,0,0;1;2;3;4;5;6;7;8;9;10;11,NonConflictingSets,pass,QWC
WT_TMP_G0017,12,true,true,0,0;1;2;3;4;5;6;7;8;9;10;11,NonConflictingSets,pass,QWC
WT_TMP_G0018,5,true,true,0,0;1;2;3;4;5;6;7;8;9;10;11,NonConflictingSets,pass,QWC
WT_TMP_G0019,13,true,true,0,0;1;2;3;4;5;6;7;8;9;10;11,NonConflictingSets,pass,QWC
WT_TMP_G0020,24,true,true,0,0;1;2;3;4;5;6;7;8;9;10;11,NonConflictingSets,pass,QWC
WT_TMP_G0021,16,true,true,0,0;1;2;3;4;5;6;7;8;9;10;11,NonConflictingSets,pass,QWC
WT_TMP_G0022,5,true,true,0,0;1;2;3;4;5;6;7;8;9;10,NonConflictingSets,pass,QWC
WT_TMP_G0023,16,true,true,0,0;1;2;3;4;5;6;7;8;9;10;11,NonConflictingSets,pass,QWC
WT_TMP_G0024,15,true,true,0,0;1;2;3;4;5;6;7;8;9;10;11,NonConflictingSets,pass,QWC
WT_TMP_G0025,13,true,true,0,0;1;2;3;4;5;6;7;8;9;10;11,NonConflictingSets,pass,QWC
WT_TMP_G0026,9,true,true,0,0;1;2;3;4;5;6;7;8;9;10;11,NonConflictingSets,pass,QWC
WT_TMP_G0027,15,true,true,0,0;1;2;3;4;5;6;7;8;9;10;11,NonConflictingSets,pass,QWC
WT_TMP_G0028,4,true,true,0,0;1;2;3;4;5;6;7;8;9;10;11,NonConflictingSets,pass,QWC
WT_TMP_G0029,4,true,true,0,0;1;2;3;4;5;6;7;8;9;10;11,NonConflictingSets,pass,QWC
WT_TMP_G0030,16,true,true,0,0;1;2;3;4;5;6;7;8;9;10;11,NonConflictingSets,pass,QWC
WT_TMP_G0031,11,true,true,0,0;1;2;3;4;5;6;7;8;9;10;11,NonConflictingSets,pass,QWC
WT_TMP_G0032,5,true,true,0,0;1;2;3;4;5;6;7;8;9;10;11,NonConflictingSets,pass,QWC
WT_TMP_G0033,5,true,true,0,0;1;2;3;4;5;6;7;8;9;10;11,NonConflictingSets,pass,QWC
WT_TMP_G0034,5,true,true,0,0;1;2;3;4;5;6;7;8;9;10;11,NonConflictingSets,pass,QWC
WT_TMP_G0035,12,true,true,0,0;1;2;3;4;5;6;7;8;9;10;11,NonConflictingSets,pass,QWC
WT_TMP_G0036,18,true,true,0,0;1;2;3;4;5;6;7;8;9;10;11,NonConflictingSets,pass,QWC
WT_TMP_G0037,10,true,true,0,0;1;2;3;4;5;6;7;8;9;10;11,NonConflictingSets,pass,QWC
WT_TMP_G0038,21,true,true,0,0;1;2;3;4;5;6;7;8;9;10;11,NonConflictingSets,pass,QWC
WT_TMP_G0039,4,true,true,0,0;1;2;3;4;5;6;7;8;9;10;11,NonConflictingSets,pass,QWC
WT_TMP_G0040,8,true,true,0,0;1;2;3;4;5;6;7;8;9;10;11,NonConflictingSets,pass,QWC
WT_TMP_G0041,2,true,true,0,0;1;2;3;4;5;6;7;8;9;10;11,NonConflictingSets,pass,QWC
WT_TMP_G0042,8,true,true,0,0;1;2;3;4;5;6;7;8;9;10;11,NonConflictingSets,pass,QWC
WT_TMP_G0043,4,true,true,0,0;1;2;3;4;5;6;7;8;9;10;11,NonConflictingSets,pass,QWC
WT_TMP_G0044,7,true,true,0,0;1;2;3;4;5;6;7;8;9;10;11,NonConflictingSets,pass,QWC
WT_TMP_G0045,4,true,true,0,0;1;2;3;4;5;6;7;8;9;10;11,NonConflictingSets,pass,QWC
WT_TMP_G0046,11,true,true,0,0;1;2;3;4;5;6;7;8;9;10;11,NonConflictingSets,pass,QWC
WT_TMP_G0047,9,true,true,0,0;1;2;3;4;5;6;7;8;9;10;11,NonConflictingSets,pass,QWC
WT_TMP_G0048,2,true,true,0,0;1;2;3;4;5;6;7;8;9;10;11,NonConflictingSets,pass,QWC
WT_TMP_G0049,7,true,true,0,0;1;2;3;4;5;6;7;8;9;10;11,NonConflictingSets,pass,QWC
WT_TMP_G0050,7,true,true,0,0;1;2;3;4;5;6;7;8;9;10;11,NonConflictingSets,pass,QWC
WT_TMP_G0051,5,true,true,0,0;1;2;3;4;5;6;7;8;9;10;11,NonConflictingSets,pass,QWC
WT_TMP_G0052,3,true,true,0,0;1;2;3;4;5;6;7;8;9;10;11,NonConflictingSets,pass,QWC
WT_TMP_G0053,5,true,true,0,0;1;2;3;4;5;6;7;8;9;10;11,NonConflictingSets,pass,QWC
WT_TMP_G0054,4,true,true,0,0;1;2;3;4;5;6;7;8;9;10;11,NonConflictingSets,pass,QWC
WT_TMP_G0055,19,true,true,0,0;1;2;3;4;5;6;7;8;9;10;11,NonConflictingSets,pass,QWC
WT_TMP_G0056,4,true,true,0,1;2;3;4;5;6;7;8;9;10;11,NonConflictingSets,pass,QWC
WT_TMP_G0057,11,true,true,0,0;1;2;3;4;5;6;7;8;9;10;11,NonConflictingSets,pass,QWC
WT_TMP_G0058,3,true,true,0,0;1;2;3;4;5;6;7;8;9;10;11,NonConflictingSets,pass,QWC
WT_TMP_G0059,4,true,true,0,0;1;2;3;4;5;6;7;8;9;10;11,NonConflictingSets,pass,QWC
WT_TMP_G0060,10,true,true,0,0;1;2;3;4;5;6;7;8;9;10;11,NonConflictingSets,pass,QWC
WT_TMP_G0061,7,true,true,0,0;1;2;3;4;5;6;7;8;9;10;11,NonConflictingSets,pass,QWC
WT_TMP_G0062,4,true,true,0,0;1;2;3;4;5;6;7;8;9;10;11,NonConflictingSets,pass,QWC
WT_TMP_G0063,1,true,true,0,0;1;2;3;4;5;6;7;8;9;10;11,NonConflictingSets,pass,QWC
WT_TMP_G0064,5,true,true,0,0;1;2;3;4;5;6;7;8;9;10;11,NonConflictingSets,pass,QWC
WT_TMP_G0065,6,true,true,0,0;1;2;3;4;5;6;7;8;9;10;11,NonConflictingSets,pass,QWC
WT_TMP_G0066,6,true,true,0,0;1;2;3;4;5;6;7;8;9;10;11,NonConflictingSets,pass,QWC
WT_TMP_G0067,4,true,true,0,0;1;2;3;4;5;6;7;8;9;10;11,NonConflictingSets,pass,QWC
WT_TMP_G0068,4,true,true,0,0;1;2;3;4;5;6;7;8;9;10;11,NonConflictingSets,pass,QWC
WT_TMP_G0069,9,true,true,0,0;1;2;3;4;5;6;7;8;9;10;11,NonConflictingSets,pass,QWC
WT_TMP_G0070,8,true,true,0,0;1;2;3;4;5;6;7;8;9;10;11,NonConflictingSets,pass,QWC
WT_TMP_G0071,6,true,true,0,0;1;2;3;4;5;6;7;8;9;10;11,NonConflictingSets,pass,QWC
WT_TMP_G0072,2,true,true,0,0;1;2;3;4;5;6;7;8;9;10,NonConflictingSets,pass,QWC
WT_TMP_G0073,8,true,true,0,0;1;2;3;4;5;6;7;8;9;10;11,NonConflictingSets,pass,QWC
WT_TMP_G0074,5,true,true,0,0;1;2;3;4;5;6;7;8;9;10;11,NonConflictingSets,pass,QWC
WT_TMP_G0075,2,true,true,0,0;1;2;3;4;5;6;7;8;9;10;11,NonConflictingSets,pass,QWC
WT_TMP_G0076,5,true,true,0,0;1;2;3;4;5;6;7;8;9;10;11,NonConflictingSets,pass,QWC
WT_TMP_G0077,3,true,true,0,0;1;2;3;4;5;6;7;8;9;10;11,NonConflictingSets,pass,QWC
WT_TMP_G0078,11,true,true,0,0;1;2;3;4;5;6;7;8;9;10;11,NonConflictingSets,pass,QWC
WT_TMP_G0079,3,true,true,0,0;1;2;3;4;5;6;7;8;9;10;11,NonConflictingSets,pass,QWC
WT_TMP_G0080,5,true,true,0,0;1;2;3;4;5;6;7;8;9;10;11,NonConflictingSets,pass,QWC
WT_TMP_G0081,9,true,true,0,0;1;2;3;4;5;6;7;8;9;10;11,NonConflictingSets,pass,QWC
WT_TMP_G0082,1,true,true,0,0;1;2;3;4;5;6;7;8;9;10;11,NonConflictingSets,pass,QWC
WT_TMP_G0083,3,true,true,0,0;1;2;3;4;5;6;7;8;9;10;11,NonConflictingSets,pass,QWC
WT_TMP_G0084,11,true,true,0,0;1;2;3;4;5;6;7;8;9;10;11,NonConflictingSets,pass,QWC
WT_TMP_G0085,8,true,true,0,0;1;2;3;4;5;6;7;8;9;10;11,NonConflictingSets,pass,QWC
WT_TMP_G0086,2,true,true,0,1;2;3;4;5;6;7;8;9;10;11,NonConflictingSets,pass,QWC
WT_TMP_G0087,7,true,true,0,0;1;2;3;4;5;6;7;8;9;10;11,NonConflictingSets,pass,QWC
WT_TMP_G0088,2,true,true,0,0;1;2;3;4;5;6;7;8;9;10;11,NonConflictingSets,pass,QWC
WT_TMP_G0089,9,true,true,0,0;1;2;3;4;5;6;7;8;9;10;11,NonConflictingSets,pass,QWC
WT_TMP_G0090,3,true,true,0,0;1;2;3;4;5;6;7;8;9;10;11,NonConflictingSets,pass,QWC
WT_TMP_G0091,6,true,true,0,0;1;2;3;4;5;6;7;8;9;10;11,NonConflictingSets,pass,QWC
WT_TMP_G0092,4,true,true,0,0;1;2;3;4;5;6;7;8;9;10;11,NonConflictingSets,pass,QWC
WT_TMP_G0093,7,true,true,0,0;1;2;3;4;5;6;7;8;9;10;11,NonConflictingSets,pass,QWC
WT_TMP_G0094,2,true,true,0,0;1;2;3;4;5;6;7;8;9;10,NonConflictingSets,pass,QWC
WT_TMP_G0095,10,true,true,0,0;1;2;3;4;5;6;7;8;9;10;11,NonConflictingSets,pass,QWC
WT_TMP_G0096,3,true,true,0,0;1;2;3;4;5;6;7;8;9;10;11,NonConflictingSets,pass,QWC
WT_TMP_G0097,5,true,true,0,0;1;2;3;4;5;6;7;8;9;10;11,NonConflictingSets,pass,QWC
WT_TMP_G0098,5,true,true,0,0;1;2;3;4;5;6;7;8;9;10;11,NonConflictingSets,pass,QWC
WT_TMP_G0099,1,true,true,0,0;1;2;3;4;5;6;7;8;9;10;11,NonConflictingSets,pass,QWC
WT_TMP_G0100,9,true,true,0,0;1;2;3;4;5;6;7;8;9;10;11,NonConflictingSets,pass,QWC
WT_TMP_G0101,2,true,true,0,0;1;2;3;4;5;6;7;8;9;10,NonConflictingSets,pass,QWC
WT_TMP_G0102,1,true,true,0,0;1;2;3;4;5;6;7;9;10,NonConflictingSets,pass,QWC
WT_TMP_G0103,8,true,true,0,0;1;2;3;4;5;6;7;8;9;10;11,NonConflictingSets,pass,QWC
WT_TMP_G0104,4,true,true,0,0;1;2;3;4;5;6;7;8;9;10;11,NonConflictingSets,pass,QWC
WT_TMP_G0105,3,true,true,0,0;1;2;3;4;5;6;7;8;9;10;11,NonConflictingSets,pass,QWC
WT_TMP_G0106,4,true,true,0,0;1;2;3;4;5;6;7;8;9;10;11,NonConflictingSets,pass,QWC
WT_TMP_G0107,2,true,true,0,0;1;2;3;4;5;6;7;8;9;10;11,NonConflictingSets,pass,QWC
WT_TMP_G0108,4,true,true,0,0;1;2;3;4;5;6;7;8;9;10;11,NonConflictingSets,pass,QWC
WT_TMP_G0109,7,true,true,0,0;1;2;3;4;5;6;7;8;9;10;11,NonConflictingSets,pass,QWC
WT_TMP_G0110,2,true,true,0,0;1;2;3;4;5;6;7;8;9;10;11,NonConflictingSets,pass,QWC
WT_TMP_G0111,7,true,true,0,0;1;2;3;4;5;6;7;8;9;10;11,NonConflictingSets,pass,QWC
WT_TMP_G0112,3,true,true,0,0;1;2;3;4;5;6;7;8;9;10,NonConflictingSets,pass,QWC
WT_TMP_G0113,3,true,true,0,0;1;2;3;4;5;6;7;8;9;10,NonConflictingSets,pass,QWC
WT_TMP_G0114,5,true,true,0,0;1;2;3;4;5;6;7;8;9;10;11,NonConflictingSets,pass,QWC
WT_TMP_G0115,4,true,true,0,1;2;3;4;5;6;7;8;9;10;11,NonConflictingSets,pass,QWC
WT_TMP_G0116,5,true,true,0,0;1;2;3;4;5;6;7;8;9;10;11,NonConflictingSets,pass,QWC
WT_TMP_G0117,6,true,true,0,0;1;2;3;4;5;6;7;8;9;10;11,NonConflictingSets,pass,QWC
WT_TMP_G0118,5,true,true,0,0;1;2;3;4;5;6;7;8;9;10;11,NonConflictingSets,pass,QWC
WT_TMP_G0119,3,true,true,0,0;1;2;3;4;5;6;7;8;9;10;11,NonConflictingSets,pass,QWC
WT_TMP_G0120,5,true,true,0,0;1;2;3;4;5;6;7;8;9;10;11,NonConflictingSets,pass,QWC
WT_TMP_G0121,4,true,true,0,0;1;2;3;4;5;6;7;8;9;10;11,NonConflictingSets,pass,QWC
WT_TMP_G0122,4,true,true,0,0;1;2;3;4;5;6;7;8;9;10;11,NonConflictingSets,pass,QWC
WT_TMP_G0123,4,true,true,0,0;1;2;3;4;5;6;7;8;9;10;11,NonConflictingSets,pass,QWC
WT_TMP_G0124,9,true,true,0,0;1;2;3;4;5;6;7;8;9;10;11,NonConflictingSets,pass,QWC
WT_TMP_G0125,5,true,true,0,0;1;2;3;4;5;6;7;8;9;10;11,NonConflictingSets,pass,QWC
WT_TMP_G0126,2,true,true,0,0;1;2;3;4;5;6;7;8;9;10;11,NonConflictingSets,pass,QWC
WT_TMP_G0127,1,true,true,0,1;2;3;4;6;7;8;9;10;11,NonConflictingSets,pass,QWC
WT_TMP_G0128,2,true,true,0,1;2;3;4;5;6;7;8;9;10;11,NonConflictingSets,pass,QWC
WT_TMP_G0129,4,true,true,0,0;1;2;3;4;5;6;7;8;9;10;11,NonConflictingSets,pass,QWC
WT_TMP_G0130,3,true,true,0,0;1;2;3;4;5;6;7;8;9;10;11,NonConflictingSets,pass,QWC
WT_TMP_G0131,4,true,true,0,0;1;2;3;4;5;6;7;8;9;10;11,NonConflictingSets,pass,QWC
WT_TMP_G0132,4,true,true,0,0;1;2;3;4;5;6;7;8;9;10;11,NonConflictingSets,pass,QWC
WT_TMP_G0133,2,true,true,0,0;1;2;3;4;5;6;7;8;9;10;11,NonConflictingSets,pass,QWC
WT_TMP_G0134,2,true,true,0,1;2;3;4;5;6;7;8;9;10;11,NonConflictingSets,pass,QWC
WT_TMP_G0135,5,true,true,0,0;1;2;3;4;5;6;7;8;9;10;11,NonConflictingSets,pass,QWC
WT_TMP_G0136,4,true,true,0,0;1;2;3;4;5;6;7;8;9;10;11,NonConflictingSets,pass,QWC
WT_TMP_G0137,3,true,true,0,1;2;3;4;5;6;7;8;9;10;11,NonConflictingSets,pass,QWC
WT_TMP_G0138,3,true,true,0,1;2;3;4;5;6;7;8;9;10;11,NonConflictingSets,pass,QWC
WT_TMP_G0139,4,true,true,0,0;1;2;3;4;5;6;7;8;9;10,NonConflictingSets,pass,QWC
WT_TMP_G0140,1,true,true,0,2;3;4;5;6;7;8;9,NonConflictingSets,pass,QWC
WT_TMP_G0141,2,true,true,0,0;1;2;3;4;5;6;7;8;9;10;11,NonConflictingSets,pass,QWC
WT_TMP_G0142,3,true,true,0,0;1;2;3;4;5;6;7;8;9;10;11,NonConflictingSets,pass,QWC
WT_TMP_G0143,1,true,true,0,0;1;2;3;4;5;6;8;9;10,NonConflictingSets,pass,QWC
WT_TMP_G0144,3,true,true,0,0;1;2;3;4;5;6;7;8;9;10;11,NonConflictingSets,pass,QWC
WT_TMP_G0145,1,true,true,0,0;1;2;3;4;5;6;7;8;9;10;11,NonConflictingSets,pass,QWC
WT_TMP_G0146,8,true,true,0,0;1;2;3;4;5;6;7;8;9;10;11,NonConflictingSets,pass,QWC
WT_TMP_G0147,1,true,true,0,0;1;2;3;4;5;6;8;9;10,NonConflictingSets,pass,QWC
WT_TMP_G0148,5,true,true,0,0;1;2;3;4;5;6;7;8;9;10;11,NonConflictingSets,pass,QWC
WT_TMP_G0149,3,true,true,0,0;1;2;3;4;5;6;7;8;9;10,NonConflictingSets,pass,QWC
WT_TMP_G0150,2,true,true,0,2;3;4;5;6;7;8;9;10;11,NonConflictingSets,pass,QWC
WT_TMP_G0151,4,true,true,0,0;1;2;3;4;5;6;7;8;9;10;11,NonConflictingSets,pass,QWC
WT_TMP_G0152,2,true,true,0,1;2;3;4;5;6;7;8;9;10;11,NonConflictingSets,pass,QWC
WT_TMP_G0153,4,true,true,0,1;2;3;4;5;6;7;8;9;10,NonConflictingSets,pass,QWC
WT_TMP_G0154,4,true,true,0,0;1;2;3;4;5;6;7;8;9;10;11,NonConflictingSets,pass,QWC
WT_TMP_G0155,9,true,true,0,0;1;2;3;4;5;6;7;8;9;10;11,NonConflictingSets,pass,QWC
WT_TMP_G0156,3,true,true,0,0;1;2;3;4;5;6;7;8;9;10,NonConflictingSets,pass,QWC
WT_TMP_G0157,3,true,true,0,1;2;3;4;5;6;7;8;9;10;11,NonConflictingSets,pass,QWC
WT_TMP_G0158,3,true,true,0,0;1;2;3;4;5;6;7;8;9;10;11,NonConflictingSets,pass,QWC
WT_TMP_G0159,3,true,true,0,0;1;2;3;4;5;6;7;8;9;10;11,NonConflictingSets,pass,QWC
WT_TMP_G0160,3,true,true,0,0;1;2;3;4;5;6;7;8;9;10,NonConflictingSets,pass,QWC
WT_TMP_G0161,3,true,true,0,0;1;2;3;4;5;6;7;8;9;10;11,NonConflictingSets,pass,QWC
WT_TMP_G0162,3,true,true,0,1;2;3;4;5;6;7;8;9;10;11,NonConflictingSets,pass,QWC
WT_TMP_G0163,2,true,true,0,1;2;3;4;5;6;7;8;9;10;11,NonConflictingSets,pass,QWC
WT_TMP_G0164,2,true,true,0,1;2;3;4;5;6;7;8;9;10,NonConflictingSets,pass,QWC
WT_TMP_G0165,1,true,true,0,1;2;3;4;5;7;8;9;10;11,NonConflictingSets,pass,QWC
WT_TMP_G0166,2,true,true,0,0;1;2;3;4;5;6;7;8;9;10,NonConflictingSets,pass,QWC
WT_TMP_G0167,2,true,true,0,1;2;3;4;5;6;7;8;9;10;11,NonConflictingSets,pass,QWC
WT_TMP_G0168,1,true,true,0,0;1;2;3;4;5;6;7;8;9;10;11,NonConflictingSets,pass,QWC
WT_TMP_G0169,3,true,true,0,0;1;2;3;4;6;7;8;9;10,NonConflictingSets,pass,QWC
WT_TMP_G0170,4,true,true,0,1;2;3;4;5;6;7;8;9;10;11,NonConflictingSets,pass,QWC
WT_TMP_G0171,2,true,true,0,1;2;3;4;5;6;7;8;9;10;11,NonConflictingSets,pass,QWC
WT_TMP_G0172,3,true,true,0,1;2;3;4;5;6;7;8;9;10;11,NonConflictingSets,pass,QWC
WT_TMP_G0173,4,true,true,0,0;1;2;3;4;5;6;7;8;9;10;11,NonConflictingSets,pass,QWC
WT_TMP_G0174,2,true,true,0,0;1;2;3;4;5;6;7;8;9;10,NonConflictingSets,pass,QWC
WT_TMP_G0175,11,true,true,0,0;1;2;3;4;5;6;7;8;9;10;11,NonConflictingSets,pass,QWC
WT_TMP_G0176,2,true,true,0,1;2;4;5;6;7;8;9;10;11,NonConflictingSets,pass,QWC
WT_TMP_G0177,1,true,true,0,0;2;3;4;5;6;7;8;9;10,NonConflictingSets,pass,QWC
WT_TMP_G0178,1,true,true,0,0;1;2;3;6;7;8;9;10;11,NonConflictingSets,pass,QWC
WT_TMP_G0179,3,true,true,0,0;1;2;3;4;5;6;7;8;9;10;11,NonConflictingSets,pass,QWC
WT_TMP_G0180,2,true,true,0,0;1;2;3;4;6;7;8;9;10,NonConflictingSets,pass,QWC
WT_TMP_G0181,3,true,true,0,0;1;2;3;4;5;6;7;8;9;10;11,NonConflictingSets,pass,QWC
WT_TMP_G0182,3,true,true,0,0;1;2;3;4;5;6;7;8;9;10;11,NonConflictingSets,pass,QWC
WT_TMP_G0183,4,true,true,0,0;1;2;3;4;5;6;7;8;9;10;11,NonConflictingSets,pass,QWC
WT_TMP_G0184,2,true,true,0,0;1;2;3;4;5;6;7;8;9;10,NonConflictingSets,pass,QWC
WT_TMP_G0185,2,true,true,0,1;2;3;4;5;6;7;8;9;10,NonConflictingSets,pass,QWC
WT_TMP_G0186,4,true,true,0,0;1;2;3;4;5;6;7;8;9;10;11,NonConflictingSets,pass,QWC
WT_TMP_G0187,1,true,true,0,1;2;3;4;5;6;7;9;10;11,NonConflictingSets,pass,QWC
WT_TMP_G0188,3,true,true,0,0;1;2;3;4;5;6;7;8;9;10;11,NonConflictingSets,pass,QWC
WT_TMP_G0189,2,true,true,0,0;1;2;3;4;5;6;7;8;9;10;11,NonConflictingSets,pass,QWC
WT_TMP_G0190,4,true,true,0,0;1;2;3;4;5;6;7;8;9;10;11,NonConflictingSets,pass,QWC
WT_TMP_G0191,2,true,true,0,0;1;2;3;4;5;6;7;8;9;10,NonConflictingSets,pass,QWC
WT_TMP_G0192,4,true,true,0,0;1;2;3;4;5;6;7;8;9;10;11,NonConflictingSets,pass,QWC
WT_TMP_G0193,2,true,true,0,0;1;2;3;4;5;6;7;8;9;10;11,NonConflictingSets,pass,QWC
WT_TMP_G0194,2,true,true,0,0;1;2;3;4;5;6;7;8;9;10;11,NonConflictingSets,pass,QWC
WT_TMP_G0195,2,true,true,0,1;2;3;4;5;6;7;8;9;10;11,NonConflictingSets,pass,QWC
WT_TMP_G0196,2,true,true,0,1;2;3;4;5;6;7;8;10;11,NonConflictingSets,pass,QWC
WT_TMP_G0197,3,true,true,0,0;1;2;3;4;5;6;7;8;9;10,NonConflictingSets,pass,QWC
WT_TMP_G0198,1,true,true,0,0;1;2;3;4;5;6;7;8;9;10;11,NonConflictingSets,pass,QWC
WT_TMP_G0199,3,true,true,0,1;2;3;4;5;7;8;9;10;11,NonConflictingSets,pass,QWC
WT_TMP_G0200,2,true,true,0,0;1;2;3;4;6;7;8;9;10;11,NonConflictingSets,pass,QWC
WT_TMP_G0201,4,true,true,0,1;2;3;4;5;6;7;8;9;10;11,NonConflictingSets,pass,QWC
WT_TMP_G0202,2,true,true,0,0;1;2;3;4;5;6;7;8;9;10;11,NonConflictingSets,pass,QWC
WT_TMP_G0203,4,true,true,0,0;1;2;3;4;5;6;7;8;9;10;11,NonConflictingSets,pass,QWC
WT_TMP_G0204,1,true,true,0,1;2;3;4;5;6;7;8;9;10,NonConflictingSets,pass,QWC
WT_TMP_G0205,2,true,true,0,0;1;2;3;4;5;6;7;8;9;10,NonConflictingSets,pass,QWC
WT_TMP_G0206,2,true,true,0,1;2;3;4;5;6;7;8;9;10,NonConflictingSets,pass,QWC
WT_TMP_G0207,1,true,true,0,0;1;2;3;4;5;6;7;8;9;10;11,NonConflictingSets,pass,QWC
WT_TMP_G0208,2,true,true,0,1;2;3;4;5;6;7;8;9;10;11,NonConflictingSets,pass,QWC
WT_TMP_G0209,3,true,true,0,1;2;3;4;5;6;7;8;9;10;11,NonConflictingSets,pass,QWC
WT_TMP_G0210,3,true,true,0,1;2;3;4;5;6;7;8;9;10;11,NonConflictingSets,pass,QWC
WT_TMP_G0211,2,true,true,0,1;2;3;4;5;6;7;8;9;10,NonConflictingSets,pass,QWC
WT_TMP_G0212,3,true,true,0,0;1;2;3;4;5;6;7;8;9;10;11,NonConflictingSets,pass,QWC
WT_TMP_G0213,2,true,true,0,0;1;2;3;4;5;6;7;8;9;10;11,NonConflictingSets,pass,QWC
WT_TMP_G0214,2,true,true,0,0;1;2;3;4;5;6;7;8;9,NonConflictingSets,pass,QWC
WT_TMP_G0215,3,true,true,0,0;1;2;3;4;5;6;7;8;9;11,NonConflictingSets,pass,QWC
WT_TMP_G0216,1,true,true,0,0;1;2;3;4;5;6;7;8;9,NonConflictingSets,pass,QWC
WT_TMP_G0217,3,true,true,0,0;1;2;3;4;5;6;7;8;9;10;11,NonConflictingSets,pass,QWC
WT_TMP_G0218,3,true,true,0,0;1;2;3;4;5;6;8;9;10,NonConflictingSets,pass,QWC
WT_TMP_G0219,3,true,true,0,0;1;2;3;4;5;6;7;8;9;10;11,NonConflictingSets,pass,QWC
WT_TMP_G0220,3,true,true,0,0;2;3;4;5;6;7;8;9;10,NonConflictingSets,pass,QWC
WT_TMP_G0221,2,true,true,0,1;2;3;4;5;6;7;8;9;10;11,NonConflictingSets,pass,QWC
WT_TMP_G0222,5,true,true,0,0;2;3;4;5;6;7;8;9;10;11,NonConflictingSets,pass,QWC
WT_TMP_G0223,2,true,true,0,0;1;2;3;4;6;7;8;9;10,NonConflictingSets,pass,QWC
WT_TMP_G0224,3,true,true,0,0;1;2;3;4;5;6;7;8;9;10;11,NonConflictingSets,pass,QWC
WT_TMP_G0225,3,true,true,0,0;1;2;3;4;5;6;7;8;9;10,NonConflictingSets,pass,QWC
WT_TMP_G0226,3,true,true,0,0;1;2;3;4;5;6;7;8;9;10,NonConflictingSets,pass,QWC
WT_TMP_G0227,5,true,true,0,1;2;3;4;5;6;7;8;9;10;11,NonConflictingSets,pass,QWC
WT_TMP_G0228,2,true,true,0,0;1;2;3;4;5;7;8;10;11,NonConflictingSets,pass,QWC
WT_TMP_G0229,2,true,true,0,0;1;2;3;4;5;6;7;8;9;10;11,NonConflictingSets,pass,QWC
WT_TMP_G0230,10,true,true,0,0;1;2;3;4;5;6;7;8;9;10;11,NonConflictingSets,pass,QWC
WT_TMP_G0231,2,true,true,0,1;2;3;4;6;7;8;9;10;11,NonConflictingSets,pass,QWC
WT_TMP_G0232,3,true,true,0,0;1;2;3;4;5;6;7;8;9;10;11,NonConflictingSets,pass,QWC
WT_TMP_G0233,2,true,true,0,1;2;3;4;5;7;8;9;10;11,NonConflictingSets,pass,QWC
WT_TMP_G0234,2,true,true,0,0;1;2;3;4;5;6;7;8;9;10,NonConflictingSets,pass,QWC
WT_TMP_G0235,1,true,true,0,0;1;2;3;6;7;8;9;10;11,NonConflictingSets,pass,QWC
WT_TMP_G0236,2,true,true,0,1;2;3;4;5;6;7;8;9;10;11,NonConflictingSets,pass,QWC
WT_TMP_G0237,1,true,true,0,1;2;3;5;6;7;8;9,NonConflictingSets,pass,QWC
WT_TMP_G0238,3,true,true,0,0;1;2;3;4;5;6;7;8;9;10;11,NonConflictingSets,pass,QWC
WT_TMP_G0239,3,true,true,0,0;1;2;3;4;5;6;7;8;9;10,NonConflictingSets,pass,QWC
WT_TMP_G0240,1,true,true,0,1;2;3;4;5;6;7;8;9;10,NonConflictingSets,pass,QWC
WT_TMP_G0241,2,true,true,0,0;2;3;4;5;6;7;8;9,NonConflictingSets,pass,QWC
WT_TMP_G0242,7,true,true,0,0;1;2;3;4;5;6;7;8;9;10;11,NonConflictingSets,pass,QWC
WT_TMP_G0243,2,true,true,0,0;1;2;3;4;5;6;7;8;9;10;11,NonConflictingSets,pass,QWC
WT_TMP_G0244,2,true,true,0,0;1;2;3;4;5;6;7;8;9;10;11,NonConflictingSets,pass,QWC
WT_TMP_G0245,2,true,true,0,2;3;4;5;6;7;8;9;10;11,NonConflictingSets,pass,QWC
WT_TMP_G0246,2,true,true,0,0;1;2;3;4;5;6;7;8;9;10;11,NonConflictingSets,pass,QWC
WT_TMP_G0247,1,true,true,0,1;2;3;4;5;6;7;8;9;10,NonConflictingSets,pass,QWC
WT_TMP_G0248,1,true,true,0,1;2;3;4;5;7;8;9,NonConflictingSets,pass,QWC
WT_TMP_G0249,2,true,true,0,0;1;2;3;4;5;6;7;8;9;10;11,NonConflictingSets,pass,QWC
WT_TMP_G0250,2,true,true,0,0;1;2;3;4;5;6;7;8;9;10,NonConflictingSets,pass,QWC
WT_TMP_G0251,2,true,true,0,0;1;2;3;4;5;6;7;8;9;10;11,NonConflictingSets,pass,QWC
WT_TMP_G0252,2,true,true,0,0;1;2;3;4;5;6;7;8;9;10;11,NonConflictingSets,pass,QWC
WT_TMP_G0253,3,true,true,0,1;2;3;4;5;6;7;8;9;10,NonConflictingSets,pass,QWC
WT_TMP_G0254,1,true,true,0,2;3;4;5;6;7;8;9;10;11,NonConflictingSets,pass,QWC
WT_TMP_G0255,1,true,true,0,0;1;2;3;4;6;7;8;9;10,NonConflictingSets,pass,QWC
WT_TMP_G0256,3,true,true,0,0;1;2;3;4;5;6;7;8;9;10,NonConflictingSets,pass,QWC
WT_TMP_G0257,1,true,true,0,1;2;3;4;5;6;7;8;9;10,NonConflictingSets,pass,QWC
WT_TMP_G0258,1,true,true,0,0;1;2;3;4;5;6;7;8;9,NonConflictingSets,pass,QWC
WT_TMP_G0259,1,true,true,0,0;1;2;3;4;5;6;7;9;10,NonConflictingSets,pass,QWC
WT_TMP_G0260,2,true,true,0,0;2;3;4;5;6;7;8;9;10;11,NonConflictingSets,pass,QWC
WT_TMP_G0261,3,true,true,0,0;1;2;3;4;5;6;7;8;9;10;11,NonConflictingSets,pass,QWC
WT_TMP_G0262,1,true,true,0,0;1;2;3;4;5;6;7;8;9;10;11,NonConflictingSets,pass,QWC
WT_TMP_G0263,4,true,true,0,0;1;2;3;4;5;6;7;8;9;10;11,NonConflictingSets,pass,QWC
WT_TMP_G0264,2,true,true,0,0;1;2;3;4;5;6;7;8;9;10;11,NonConflictingSets,pass,QWC
WT_TMP_G0265,2,true,true,0,1;2;3;4;5;6;7;8;9;10,NonConflictingSets,pass,QWC
WT_TMP_G0266,1,true,true,0,2;3;4;5;6;8;9;10,NonConflictingSets,pass,QWC
WT_TMP_G0267,3,true,true,0,0;1;2;3;4;5;6;7;8;9;10,NonConflictingSets,pass,QWC
WT_TMP_G0268,2,true,true,0,0;1;2;3;4;5;6;7;8;9;10,NonConflictingSets,pass,QWC
WT_TMP_G0269,2,true,true,0,0;1;2;3;4;5;6;7;8;9;10;11,NonConflictingSets,pass,QWC
WT_TMP_G0270,2,true,true,0,1;2;3;4;5;6;7;8;9;10,NonConflictingSets,pass,QWC
WT_TMP_G0271,2,true,true,0,0;1;2;3;4;5;6;7;8;9;10;11,NonConflictingSets,pass,QWC
WT_TMP_G0272,2,true,true,0,0;1;2;3;4;5;6;7;8;9;10,NonConflictingSets,pass,QWC
WT_TMP_G0273,5,true,true,0,1;2;3;4;5;6;7;8;9;10,NonConflictingSets,pass,QWC
WT_TMP_G0274,1,true,true,0,1;2;4;5;6;7;8;9;10;11,NonConflictingSets,pass,QWC
WT_TMP_G0275,4,true,true,0,0;1;2;3;4;5;6;7;8;9;10;11,NonConflictingSets,pass,QWC
WT_TMP_G0276,2,true,true,0,1;2;3;4;5;6;7;8;9,NonConflictingSets,pass,QWC
WT_TMP_G0277,1,true,true,0,0;1;2;3;4;5;6;7;8;9;10;11,NonConflictingSets,pass,QWC
WT_TMP_G0278,2,true,true,0,0;1;2;3;4;5;6;7;8;9;10,NonConflictingSets,pass,QWC
WT_TMP_G0279,2,true,true,0,0;1;2;3;4;5;6;7;8;9;10,NonConflictingSets,pass,QWC
WT_TMP_G0280,2,true,true,0,0;1;2;3;4;5;6;7;8;9;10;11,NonConflictingSets,pass,QWC
WT_TMP_G0281,3,true,true,0,0;1;2;3;4;5;6;7;8;9,NonConflictingSets,pass,QWC
WT_TMP_G0282,2,true,true,0,0;1;2;3;4;5;6;7;8;9;10;11,NonConflictingSets,pass,QWC
WT_TMP_G0283,3,true,true,0,0;1;2;3;4;5;6;7;8;9;10,NonConflictingSets,pass,QWC
WT_TMP_G0284,2,true,true,0,0;1;2;3;4;5;6;7;8;9;10;11,NonConflictingSets,pass,QWC
WT_TMP_G0285,1,true,true,0,2;3;4;5;6;7;9;10,NonConflictingSets,pass,QWC
WT_TMP_G0286,2,true,true,0,0;1;2;3;4;5;6;7;8;9;10;11,NonConflictingSets,pass,QWC
WT_TMP_G0287,3,true,true,0,1;2;3;4;5;6;7;8;9;10;11,NonConflictingSets,pass,QWC
WT_TMP_G0288,2,true,true,0,0;1;2;3;4;5;6;7;8;9;10;11,NonConflictingSets,pass,QWC
WT_TMP_G0289,2,true,true,0,1;2;3;4;5;6;7;8;9;10;11,NonConflictingSets,pass,QWC
WT_TMP_G0290,2,true,true,0,1;2;3;4;5;6;7;8;9;10,NonConflictingSets,pass,QWC
WT_TMP_G0291,2,true,true,0,0;1;2;3;4;5;6;7;8;9;10;11,NonConflictingSets,pass,QWC
WT_TMP_G0292,1,true,true,0,0;1;2;3;4;5;6;7;8;9;10;11,NonConflictingSets,pass,QWC
WT_TMP_G0293,2,true,true,0,0;1;2;3;4;5;6;7;8;9;10;11,NonConflictingSets,pass,QWC
WT_TMP_G0294,1,true,true,0,1;2;3;4;5;7;8;9;10;11,NonConflictingSets,pass,QWC
WT_TMP_G0295,2,true,true,0,1;2;3;4;5;7;8;9;10;11,NonConflictingSets,pass,QWC
WT_TMP_G0296,1,true,true,0,0;1;2;3;4;5;6;7;9;10,NonConflictingSets,pass,QWC
WT_TMP_G0297,2,true,true,0,0;1;2;3;4;5;6;7;8;9,NonConflictingSets,pass,QWC
WT_TMP_G0298,2,true,true,0,0;1;2;3;4;5;6;7;8;9;10;11,NonConflictingSets,pass,QWC
WT_TMP_G0299,2,true,true,0,1;2;3;4;5;6;8;9;10;11,NonConflictingSets,pass,QWC
WT_TMP_G0300,2,true,true,0,1;2;3;4;5;6;8;9;10;11,NonConflictingSets,pass,QWC
WT_TMP_G0301,3,true,true,0,1;2;3;4;5;6;7;8;9;10;11,NonConflictingSets,pass,QWC
WT_TMP_G0302,3,true,true,0,0;1;2;3;4;5;6;7;8;9;10;11,NonConflictingSets,pass,QWC
WT_TMP_G0303,1,true,true,0,2;3;4;6;7;8;9;10,NonConflictingSets,pass,QWC
WT_TMP_G0304,4,true,true,0,0;1;2;3;4;5;6;7;8;9;10;11,NonConflictingSets,pass,QWC
WT_TMP_G0305,2,true,true,0,0;1;2;3;4;5;6;7;8;9;10;11,NonConflictingSets,pass,QWC
WT_TMP_G0306,2,true,true,0,2;3;4;5;6;7;8;9;10,NonConflictingSets,pass,QWC
WT_TMP_G0307,1,true,true,0,2;3;5;6;7;8;9;10,NonConflictingSets,pass,QWC
WT_TMP_G0308,2,true,true,0,0;1;2;3;4;5;6;7;8;9;10;11,NonConflictingSets,pass,QWC
WT_TMP_G0309,1,true,true,0,1;2;3;4;5;7;8;9;10;11,NonConflictingSets,pass,QWC
WT_TMP_G0310,1,true,true,0,1;2;3;4;5;6;7;8;9;10,NonConflictingSets,pass,QWC
WT_TMP_G0311,2,true,true,0,0;1;2;3;4;5;6;7;8;9;11,NonConflictingSets,pass,QWC
WT_TMP_G0312,1,true,true,0,0;1;2;3;4;5;6;7;8;9,NonConflictingSets,pass,QWC
WT_TMP_G0313,2,true,true,0,0;1;2;3;4;5;6;7;8;9;10;11,NonConflictingSets,pass,QWC
WT_TMP_G0314,1,true,true,0,0;1;2;3;5;6;7;8;9;10,NonConflictingSets,pass,QWC
WT_TMP_G0315,1,true,true,0,1;2;4;5;6;7;8;9;10;11,NonConflictingSets,pass,QWC
WT_TMP_G0316,3,true,true,0,0;1;2;3;4;5;6;7;8;9;10;11,NonConflictingSets,pass,QWC
WT_TMP_G0317,2,true,true,0,0;1;2;3;4;5;6;7;8;9;10;11,NonConflictingSets,pass,QWC
WT_TMP_G0318,1,true,true,0,2;3;4;5;6;7;8;9;10;11,NonConflictingSets,pass,QWC
WT_TMP_G0319,2,true,true,0,2;3;4;5;6;7;8;9;10,NonConflictingSets,pass,QWC
WT_TMP_G0320,2,true,true,0,0;1;2;3;4;5;6;7;8;9;10;11,NonConflictingSets,pass,QWC
WT_TMP_G0321,1,true,true,0,1;2;3;4;5;6;7;8;10;11,NonConflictingSets,pass,QWC
WT_TMP_G0322,3,true,true,0,0;1;2;3;4;5;6;7;8;9;10;11,NonConflictingSets,pass,QWC
WT_TMP_G0323,2,true,true,0,0;1;2;3;4;5;6;7;8;9;10;11,NonConflictingSets,pass,QWC
WT_TMP_G0324,1,true,true,0,0;1;2;3;4;5;6;7;8;9;10;11,NonConflictingSets,pass,QWC
WT_TMP_G0325,2,true,true,0,1;2;3;4;5;6;7;8;9;10;11,NonConflictingSets,pass,QWC
WT_TMP_G0326,1,true,true,0,1;2;3;4;5;6;7;8;9;10,NonConflictingSets,pass,QWC
WT_TMP_G0327,3,true,true,0,0;1;2;3;4;5;6;7;8;9;10,NonConflictingSets,pass,QWC
WT_TMP_G0328,2,true,true,0,0;1;2;3;4;5;6;7;8;9;10;11,NonConflictingSets,pass,QWC
WT_TMP_G0329,1,true,true,0,2;3;4;5;6;7;8;9;10;11,NonConflictingSets,pass,QWC
WT_TMP_G0330,2,true,true,0,1;2;3;4;5;6;7;8;9;10,NonConflictingSets,pass,QWC
WT_TMP_G0331,1,true,true,0,1;2;3;4;6;7;8;9,NonConflictingSets,pass,QWC
WT_TMP_G0332,2,true,true,0,1;2;3;4;6;7;8;9;10;11,NonConflictingSets,pass,QWC
WT_TMP_G0333,2,true,true,0,0;1;2;3;4;5;6;7;8;9,NonConflictingSets,pass,QWC
WT_TMP_G0334,2,true,true,0,2;3;4;6;7;8;9;10,NonConflictingSets,pass,QWC
WT_TMP_G0335,1,true,true,0,1;2;3;4;5;6;8;9;10;11,NonConflictingSets,pass,QWC
WT_TMP_G0336,2,true,true,0,1;2;3;4;5;6;7;8;9;10,NonConflictingSets,pass,QWC
WT_TMP_G0337,3,true,true,0,1;2;4;5;6;7;8;9;10,NonConflictingSets,pass,QWC
WT_TMP_G0338,2,true,true,0,0;1;2;3;4;5;6;7;8;9;10;11,NonConflictingSets,pass,QWC
WT_TMP_G0339,2,true,true,0,0;1;2;3;4;5;6;7;8;9;10,NonConflictingSets,pass,QWC
WT_TMP_G0340,2,true,true,0,2;3;4;5;6;7;8;9;10;11,NonConflictingSets,pass,QWC
WT_TMP_G0341,2,true,true,0,1;2;3;4;5;6;7;8;9;10;11,NonConflictingSets,pass,QWC
WT_TMP_G0342,1,true,true,0,1;2;3;4;6;7;8;9,NonConflictingSets,pass,QWC
WT_TMP_G0343,3,true,true,0,2;3;4;5;6;7;8;9;10,NonConflictingSets,pass,QWC
WT_TMP_G0344,1,true,true,0,2;3;4;5;6;8;9;10,NonConflictingSets,pass,QWC
WT_TMP_G0345,2,true,true,0,0;1;2;3;4;5;6;7;8;9,NonConflictingSets,pass,QWC
WT_TMP_G0346,2,true,true,0,0;1;2;3;4;5;7;8;9;10,NonConflictingSets,pass,QWC
WT_TMP_G0347,2,true,true,0,1;2;3;4;5;6;7;8;10;11,NonConflictingSets,pass,QWC
WT_TMP_G0348,1,true,true,0,0;1;2;3;4;7;8;9;10;11,NonConflictingSets,pass,QWC
WT_TMP_G0349,2,true,true,0,0;1;2;3;4;5;6;7;8;9,NonConflictingSets,pass,QWC
WT_TMP_G0350,1,true,true,0,0;1;2;3;4;5;6;7;8;9;10;11,NonConflictingSets,pass,QWC
WT_TMP_G0351,2,true,true,0,1;2;3;4;5;7;8;9;10;11,NonConflictingSets,pass,QWC
WT_TMP_G0352,2,true,true,0,0;1;2;3;5;6;7;8;9;10,NonConflictingSets,pass,QWC
WT_TMP_G0353,2,true,true,0,0;1;2;3;4;5;6;7;8;9;10,NonConflictingSets,pass,QWC
WT_TMP_G0354,2,true,true,0,1;2;3;4;5;6;7;8;9;10;11,NonConflictingSets,pass,QWC
WT_TMP_G0355,3,true,true,0,0;1;2;3;4;5;6;7;8;9;10,NonConflictingSets,pass,QWC
WT_TMP_G0356,2,true,true,0,1;2;3;4;5;6;7;8;9;10,NonConflictingSets,pass,QWC
WT_TMP_G0357,2,true,true,0,0;1;2;3;4;5;7;8;9;10,NonConflictingSets,pass,QWC
WT_TMP_G0358,2,true,true,0,1;2;3;4;5;6;7;8;9;10,NonConflictingSets,pass,QWC
WT_TMP_G0359,2,true,true,0,1;2;3;4;5;6;7;8;9,NonConflictingSets,pass,QWC
WT_TMP_G0360,2,true,true,0,0;1;2;3;4;5;6;7;8;9;10,NonConflictingSets,pass,QWC
WT_TMP_G0361,1,true,true,0,1;2;3;4;5;6;7;8;9;10,NonConflictingSets,pass,QWC
WT_TMP_G0362,1,true,true,0,0;1;2;3;4;5;6;7;8;9;10;11,NonConflictingSets,pass,QWC
WT_TMP_G0363,2,true,true,0,0;1;2;3;4;5;6;7;8;9;10;11,NonConflictingSets,pass,QWC
WT_TMP_G0364,1,true,true,0,1;2;3;4;5;6;7;8;9;10,NonConflictingSets,pass,QWC
WT_TMP_G0365,1,true,true,0,1;2;3;4;5;6;7;8;10;11,NonConflictingSets,pass,QWC
WT_TMP_G0366,1,true,true,0,2;3;4;6;7;8,NonConflictingSets,pass,QWC
WT_TMP_G0367,2,true,true,0,0;1;3;4;5;6;7;8;9;10,NonConflictingSets,pass,QWC
WT_TMP_G0368,1,true,true,0,1;2;3;4;5;6;7;8;10;11,NonConflictingSets,pass,QWC
WT_TMP_G0369,1,true,true,0,1;2;3;4;5;8;9;10,NonConflictingSets,pass,QWC
WT_TMP_G0370,2,true,true,0,0;1;2;3;4;5;6;7;8;9;10,NonConflictingSets,pass,QWC
WT_TMP_G0371,3,true,true,0,1;2;3;4;5;6;7;8;9;10;11,NonConflictingSets,pass,QWC
WT_TMP_G0372,1,true,true,0,1;2;3;4;5;6;7;8;9;10,NonConflictingSets,pass,QWC
WT_TMP_G0373,3,true,true,0,1;2;3;4;5;6;7;8;9;10;11,NonConflictingSets,pass,QWC
WT_TMP_G0374,2,true,true,0,1;2;3;4;5;6;7;8;9;10,NonConflictingSets,pass,QWC
WT_TMP_G0375,2,true,true,0,0;1;2;3;4;5;6;7;8;9;10;11,NonConflictingSets,pass,QWC
WT_TMP_G0376,1,true,true,0,2;3;6;7;8;9;10;11,NonConflictingSets,pass,QWC
WT_TMP_G0377,2,true,true,0,0;1;2;3;4;5;6;7;8;9;10;11,NonConflictingSets,pass,QWC
WT_TMP_G0378,1,true,true,0,1;2;3;6;7;8;9;10,NonConflictingSets,pass,QWC
WT_TMP_G0379,1,true,true,0,0;1;2;3;4;5;6;7;8;9;10;11,NonConflictingSets,pass,QWC
WT_TMP_G0380,2,true,true,0,1;2;3;4;5;6;7;8;9;10;11,NonConflictingSets,pass,QWC
WT_TMP_G0381,1,true,true,0,1;2;3;4;5;7;8;9;10;11,NonConflictingSets,pass,QWC
WT_TMP_G0382,1,true,true,0,1;2;3;7;8;9;10;11,NonConflictingSets,pass,QWC
WT_TMP_G0383,2,true,true,0,2;3;4;5;6;7;8;9;10;11,NonConflictingSets,pass,QWC
WT_TMP_G0384,2,true,true,0,0;2;3;4;5;6;7;8;9;10;11,NonConflictingSets,pass,QWC
WT_TMP_G0385,1,true,true,0,0;1;2;3;4;5;6;7;8;9;10;11,NonConflictingSets,pass,QWC
WT_TMP_G0386,1,true,true,0,0;3;4;5;6;7;8;9,NonConflictingSets,pass,QWC
WT_TMP_G0387,2,true,true,0,2;3;4;5;6;7;8;9;10;11,NonConflictingSets,pass,QWC
WT_TMP_G0388,1,true,true,0,0;1;2;3;4;5;6;7;9;10,NonConflictingSets,pass,QWC
WT_TMP_G0389,1,true,true,0,1;2;3;5;6;7;8;9;10;11,NonConflictingSets,pass,QWC
WT_TMP_G0390,2,true,true,0,0;1;2;3;4;5;6;7;8;9;10,NonConflictingSets,pass,QWC
WT_TMP_G0391,2,true,true,0,0;1;2;3;4;5;6;7;8;9;10,NonConflictingSets,pass,QWC
WT_TMP_G0392,2,true,true,0,1;2;3;4;6;7;8;9;10;11,NonConflictingSets,pass,QWC
WT_TMP_G0393,1,true,true,0,1;2;4;5;6;7;8;9,NonConflictingSets,pass,QWC
WT_TMP_G0394,1,true,true,0,0;1;2;3;5;6;7;8;9;10,NonConflictingSets,pass,QWC
WT_TMP_G0395,2,true,true,0,2;3;4;5;6;7;8;9,NonConflictingSets,pass,QWC
WT_TMP_G0396,1,true,true,0,0;1;2;3;4;5;6;7;8;9;10;11,NonConflictingSets,pass,QWC
WT_TMP_G0397,2,true,true,0,0;1;2;3;4;5;6;7;8;9;10;11,NonConflictingSets,pass,QWC
WT_TMP_G0398,2,true,true,0,0;1;2;3;4;5;6;7;8;9;10;11,NonConflictingSets,pass,QWC
WT_TMP_G0399,2,true,true,0,0;1;2;3;4;5;6;7;8;9;10;11,NonConflictingSets,pass,QWC
WT_TMP_G0400,4,true,true,0,1;2;3;4;5;6;7;8;9;10,NonConflictingSets,pass,QWC
WT_TMP_G0401,3,true,true,0,0;1;2;3;4;5;6;7;8;9;10,NonConflictingSets,pass,QWC
WT_TMP_G0402,1,true,true,0,1;2;3;4;5;6;7;8;9;10,NonConflictingSets,pass,QWC
WT_TMP_G0403,2,true,true,0,0;1;2;3;4;5;6;7;8;9,NonConflictingSets,pass,QWC
WT_TMP_G0404,1,true,true,0,1;2;3;4;5;6;7;8;10;11,NonConflictingSets,pass,QWC
WT_TMP_G0405,1,true,true,0,1;2;3;4;5;6;7;8;9;10,NonConflictingSets,pass,QWC
WT_TMP_G0406,4,true,true,0,0;1;2;3;4;5;6;7;8;9;10;11,NonConflictingSets,pass,QWC
WT_TMP_G0407,2,true,true,0,0;1;2;3;4;5;6;7;8;9;10,NonConflictingSets,pass,QWC
WT_TMP_G0408,1,true,true,0,1;2;3;5;6;7;8;9;10;11,NonConflictingSets,pass,QWC
WT_TMP_G0409,1,true,true,0,1;2;3;4;5;6;7;9;10;11,NonConflictingSets,pass,QWC
WT_TMP_G0410,1,true,true,0,0;1;3;4;5;6;7;8;9;10,NonConflictingSets,pass,QWC
WT_TMP_G0411,1,true,true,0,3;4;5;6;7;8;9;10,NonConflictingSets,pass,QWC
WT_TMP_G0412,1,true,true,0,0;1;2;3;4;5;6;7;8;9;10;11,NonConflictingSets,pass,QWC
WT_TMP_G0413,2,true,true,0,1;2;3;4;5;6;7;8;9;10;11,NonConflictingSets,pass,QWC
WT_TMP_G0414,2,true,true,0,2;3;4;5;6;7;8;9;10;11,NonConflictingSets,pass,QWC
WT_TMP_G0415,1,true,true,0,0;1;2;3;4;5;6;7;8;9;10;11,NonConflictingSets,pass,QWC
WT_TMP_G0416,1,true,true,0,0;1;2;3;4;5;6;7;8;9,NonConflictingSets,pass,QWC
WT_TMP_G0417,1,true,true,0,1;2;3;4;5;6;7;8;9;10,NonConflictingSets,pass,QWC
WT_TMP_G0418,2,true,true,0,0;1;2;3;4;5;6;7;8;9;10;11,NonConflictingSets,pass,QWC
WT_TMP_G0419,2,true,true,0,2;3;4;5;6;7;8;9;10;11,NonConflictingSets,pass,QWC
WT_TMP_G0420,1,true,true,0,2;3;6;7;8;9;10;11,NonConflictingSets,pass,QWC
WT_TMP_G0421,2,true,true,0,0;1;2;3;4;5;6;7;8;9;10;11,NonConflictingSets,pass,QWC
WT_TMP_G0422,2,true,true,0,0;1;2;3;4;5;6;7;8;9;10,NonConflictingSets,pass,QWC
WT_TMP_G0423,2,true,true,0,0;1;2;3;4;5;6;7;8;9;10,NonConflictingSets,pass,QWC
WT_TMP_G0424,1,true,true,0,3;4;5;6;8;9,NonConflictingSets,pass,QWC
WT_TMP_G0425,2,true,true,0,0;1;2;3;4;5;6;7;8;9;10,NonConflictingSets,pass,QWC
WT_TMP_G0426,1,true,true,0,2;3;4;5;6;8;9;10,NonConflictingSets,pass,QWC
WT_TMP_G0427,2,true,true,0,0;1;2;3;4;5;6;7;8;9;10;11,NonConflictingSets,pass,QWC
WT_TMP_G0428,1,true,true,0,0;1;2;3;4;5;6;7;8;9;10;11,NonConflictingSets,pass,QWC
WT_TMP_G0429,1,true,true,0,1;2;3;4;7;8;9;10,NonConflictingSets,pass,QWC
WT_TMP_G0430,1,true,true,0,0;1;2;3;4;5;6;7;8;9,NonConflictingSets,pass,QWC
WT_TMP_G0431,2,true,true,0,0;1;2;3;4;5;6;7;8;9;10,NonConflictingSets,pass,QWC
WT_TMP_G0432,2,true,true,0,1;2;3;4;5;6;7;8;9;10;11,NonConflictingSets,pass,QWC
WT_TMP_G0433,2,true,true,0,0;1;2;3;4;5;6;7;8;9,NonConflictingSets,pass,QWC
WT_TMP_G0434,1,true,true,0,1;2;3;4;5;6;8;9,NonConflictingSets,pass,QWC
WT_TMP_G0435,2,true,true,0,1;2;3;4;5;6;7;8;9,NonConflictingSets,pass,QWC
WT_TMP_G0436,2,true,true,0,4;5;6;7;8;9;10;11,NonConflictingSets,pass,QWC
WT_TMP_G0437,1,true,true,0,0;1;2;3;4;5;7;8;9;10,NonConflictingSets,pass,QWC
WT_TMP_G0438,2,true,true,0,0;1;2;3;4;5;6;7;8;9;10;11,NonConflictingSets,pass,QWC
WT_TMP_G0439,2,true,true,0,2;3;4;5;6;7;8;9;10;11,NonConflictingSets,pass,QWC
WT_TMP_G0440,1,true,true,0,3;4;5;6;7;8;9;10,NonConflictingSets,pass,QWC
WT_TMP_G0441,2,true,true,0,0;1;2;3;4;5;6;7;8;9;10,NonConflictingSets,pass,QWC
WT_TMP_G0442,1,true,true,0,1;2;3;4;5;6;9;10,NonConflictingSets,pass,QWC
WT_TMP_G0443,1,true,true,0,2;3;4;6;7;8;9;10,NonConflictingSets,pass,QWC
WT_TMP_G0444,1,true,true,0,0;1;2;3;4;6;7;8;9;10,NonConflictingSets,pass,QWC
WT_TMP_G0445,2,true,true,0,0;1;2;3;4;5;6;7;8;9;10;11,NonConflictingSets,pass,QWC
WT_TMP_G0446,1,true,true,0,1;2;3;4;5;6;7;8;9;10,NonConflictingSets,pass,QWC
WT_TMP_G0447,1,true,true,0,0;1;3;4;5;6;7;8;9;10,NonConflictingSets,pass,QWC
WT_TMP_G0448,2,true,true,0,1;2;3;4;5;6;7;8;9;10;11,NonConflictingSets,pass,QWC
WT_TMP_G0449,1,true,true,0,0;1;2;3;4;5;6;7;8;9,NonConflictingSets,pass,QWC
WT_TMP_G0450,2,true,true,0,1;2;3;4;5;6;7;9;10;11,NonConflictingSets,pass,QWC
WT_TMP_G0451,1,true,true,0,1;2;3;4;5;6;7;8;9;10,NonConflictingSets,pass,QWC
WT_TMP_G0452,2,true,true,0,1;2;3;4;5;6;7;8;9;10;11,NonConflictingSets,pass,QWC
WT_TMP_G0453,2,true,true,0,0;1;2;3;5;6;7;8;9;10,NonConflictingSets,pass,QWC
WT_TMP_G0454,2,true,true,0,2;3;4;5;6;7;8;9;10;11,NonConflictingSets,pass,QWC
WT_TMP_G0455,3,true,true,0,0;1;2;3;4;5;6;7;8;9;10;11,NonConflictingSets,pass,QWC
WT_TMP_G0456,1,true,true,0,0;1;2;3;4;6;7;8,NonConflictingSets,pass,QWC
WT_TMP_G0457,1,true,true,0,2;3;4;6;7;8;9;10,NonConflictingSets,pass,QWC
WT_TMP_G0458,1,true,true,0,1;2;3;4;5;6;7;8;9;10,NonConflictingSets,pass,QWC
WT_TMP_G0459,1,true,true,0,0;1;2;4;5;6;7;8;9;10,NonConflictingSets,pass,QWC
WT_TMP_G0460,1,true,true,0,2;3;4;5;7;8;9;10,NonConflictingSets,pass,QWC
WT_TMP_G0461,1,true,true,0,2;3;7;8;9;10,NonConflictingSets,pass,QWC
WT_TMP_G0462,1,true,true,0,1;2;3;4;6;7;8;9,NonConflictingSets,pass,QWC
WT_TMP_G0463,3,true,true,0,2;3;4;5;6;7;8;9;10;11,NonConflictingSets,pass,QWC
WT_TMP_G0464,1,true,true,0,2;3;4;5;6;7;8;9;10;11,NonConflictingSets,pass,QWC
WT_TMP_G0465,2,true,true,0,1;2;3;4;5;6;7;8;9;10;11,NonConflictingSets,pass,QWC
WT_TMP_G0466,2,true,true,0,1;2;3;4;5;6;7;8;9;10,NonConflictingSets,pass,QWC
WT_TMP_G0467,1,true,true,0,2;3;4;5;6;7;8;9;10;11,NonConflictingSets,pass,QWC
WT_TMP_G0468,1,true,true,0,1;2;3;4;5;8;9;10,NonConflictingSets,pass,QWC
WT_TMP_G0469,1,true,true,0,1;2;3;4;5;6;7;8;9;10,NonConflictingSets,pass,QWC
WT_TMP_G0470,1,true,true,0,2;3;4;6;7;8;9;10,NonConflictingSets,pass,QWC
WT_TMP_G0471,1,true,true,0,0;1;2;3;4;5;6;7;8;9;10;11,NonConflictingSets,pass,QWC
WT_TMP_G0472,1,true,true,0,0;1;2;3;4;5;9;10,NonConflictingSets,pass,QWC
WT_TMP_G0473,2,true,true,0,0;1;2;3;4;5;6;7;8;9;10;11,NonConflictingSets,pass,QWC
WT_TMP_G0474,1,true,true,0,0;1;2;3;4;7;8;9;10;11,NonConflictingSets,pass,QWC
WT_TMP_G0475,3,true,true,0,2;3;4;5;6;7;8;9;10;11,NonConflictingSets,pass,QWC
WT_TMP_G0476,1,true,true,0,1;2;3;4;5;6;7;8;9;10,NonConflictingSets,pass,QWC
WT_TMP_G0477,1,true,true,0,0;1;2;3;4;6;7;8;9;10,NonConflictingSets,pass,QWC
WT_TMP_G0478,1,true,true,0,3;4;6;7;8;9,NonConflictingSets,pass,QWC
WT_TMP_G0479,2,true,true,0,1;2;4;5;6;7;8;9,NonConflictingSets,pass,QWC
WT_TMP_G0480,1,true,true,0,0;1;2;3;4;6;7;8,NonConflictingSets,pass,QWC
WT_TMP_G0481,1,true,true,0,3;4;5;6;7;8;9;10,NonConflictingSets,pass,QWC
WT_TMP_G0482,1,true,true,0,2;3;4;5;6;8;9;10,NonConflictingSets,pass,QWC
WT_TMP_G0483,1,true,true,0,2;3;4;5;6;7;8;9;10;11,NonConflictingSets,pass,QWC
WT_TMP_G0484,1,true,true,0,0;1;2;3;6;7;8;9,NonConflictingSets,pass,QWC
WT_TMP_G0485,1,true,true,0,1;2;3;4;5;6;7;8;9;10,NonConflictingSets,pass,QWC
WT_TMP_G0486,1,true,true,0,0;1;2;3;4;7;8;9;10;11,NonConflictingSets,pass,QWC
WT_TMP_G0487,1,true,true,0,0;1;2;3;4;5;6;7;8;9;10;11,NonConflictingSets,pass,QWC
WT_TMP_G0488,1,true,true,0,0;1;2;5;6;7;8;9;10;11,NonConflictingSets,pass,QWC
WT_TMP_G0489,2,true,true,0,0;1;2;3;4;5;6;7;8;9;10;11,NonConflictingSets,pass,QWC
WT_TMP_G0490,1,true,true,0,1;2;3;4;5;6;8;9;10;11,NonConflictingSets,pass,QWC
WT_TMP_G0491,1,true,true,0,1;2;3;4;6;7;8;9;10;11,NonConflictingSets,pass,QWC
WT_TMP_G0492,2,true,true,0,1;2;3;4;5;6;7;8;9;10;11,NonConflictingSets,pass,QWC
WT_TMP_G0493,2,true,true,0,2;3;5;6;7;8;9;10,NonConflictingSets,pass,QWC
WT_TMP_G0494,1,true,true,0,1;2;5;6;7;8;9;10,NonConflictingSets,pass,QWC
WT_TMP_G0495,1,true,true,0,3;4;5;7;8;9;10;11,NonConflictingSets,pass,QWC
WT_TMP_G0496,1,true,true,0,0;1;2;3;4;5;6;8;9;10,NonConflictingSets,pass,QWC
WT_TMP_G0497,1,true,true,0,2;3;4;6;7;8;9;10,NonConflictingSets,pass,QWC
WT_TMP_G0498,2,true,true,0,1;2;3;4;5;6;7;8;9;10;11,NonConflictingSets,pass,QWC
WT_TMP_G0499,2,true,true,0,2;3;4;5;6;7;8;9;10,NonConflictingSets,pass,QWC
WT_TMP_G0500,1,true,true,0,1;2;3;4;5;6;7;8;9;10,NonConflictingSets,pass,QWC
WT_TMP_G0501,1,true,true,0,2;3;4;5;6;7;8;9,NonConflictingSets,pass,QWC
WT_TMP_G0502,1,true,true,0,0;1;2;3;4;8;9;10,NonConflictingSets,pass,QWC
WT_TMP_G0503,1,true,true,0,3;4;5;6;7;9;10;11,NonConflictingSets,pass,QWC
WT_TMP_G0504,1,true,true,0,1;2;4;5;6;7;8;9;10;11,NonConflictingSets,pass,QWC
WT_TMP_G0505,2,true,true,0,1;2;3;4;5;6;7;8;9;10;11,NonConflictingSets,pass,QWC
WT_TMP_G0506,2,true,true,0,0;1;2;3;4;5;7;8;9,NonConflictingSets,pass,QWC
WT_TMP_G0507,1,true,true,0,1;2;6;7;8;9;10;11,NonConflictingSets,pass,QWC
WT_TMP_G0508,1,true,true,0,2;3;4;5;6;7;8;9,NonConflictingSets,pass,QWC
WT_TMP_G0509,1,true,true,0,2;3;4;7;8;9,NonConflictingSets,pass,QWC
WT_TMP_G0510,2,true,true,0,1;2;3;4;5;6;7;8;9;10,NonConflictingSets,pass,QWC
WT_TMP_G0511,1,true,true,0,1;2;3;4;5;6;7;8;9;10,NonConflictingSets,pass,QWC
WT_TMP_G0512,1,true,true,0,2;3;4;8;9;10,NonConflictingSets,pass,QWC
WT_TMP_G0513,2,true,true,0,1;2;3;4;5;6;7;8;9;10,NonConflictingSets,pass,QWC
WT_TMP_G0514,1,true,true,0,0;1;2;3;4;5;6;7;8;9;10;11,NonConflictingSets,pass,QWC
WT_TMP_G0515,1,true,true,0,0;1;2;3;4;5;6;7;8;9;10;11,NonConflictingSets,pass,QWC
WT_TMP_G0516,2,true,true,0,0;1;2;3;4;5;6;7;8;9,NonConflictingSets,pass,QWC
WT_TMP_G0517,1,true,true,0,3;4;6;7;8;9;10;11,NonConflictingSets,pass,QWC
WT_TMP_G0518,1,true,true,0,2;3;4;6;7;8;9;10,NonConflictingSets,pass,QWC
WT_TMP_G0519,1,true,true,0,0;1;2;3;4;5;6;7;8;9;10;11,NonConflictingSets,pass,QWC
WT_TMP_G0520,1,true,true,0,0;1;2;4;5;6;7;8,NonConflictingSets,pass,QWC
WT_TMP_G0521,1,true,true,0,1;2;3;7;8;9;10;11,NonConflictingSets,pass,QWC
WT_TMP_G0522,1,true,true,0,2;3;4;5;6;7;8;9,NonConflictingSets,pass,QWC
WT_TMP_G0523,1,true,true,0,1;2;3;4;5;6;7;8,NonConflictingSets,pass,QWC
WT_TMP_G0524,1,true,true,0,2;3;4;5;6;7;8;9,NonConflictingSets,pass,QWC
WT_TMP_G0525,1,true,true,0,1;2;3;4;5;7;8;9;10;11,NonConflictingSets,pass,QWC
WT_TMP_G0526,1,true,true,0,0;1;2;4;5;6;7;8;9;10,NonConflictingSets,pass,QWC
WT_TMP_G0527,1,true,true,0,2;3;4;5;7;8;9;10,NonConflictingSets,pass,QWC
WT_TMP_G0528,2,true,true,0,0;1;2;3;4;5;6;7;8;9,NonConflictingSets,pass,QWC
WT_TMP_G0529,1,true,true,0,2;3;4;5;6;7;8;9;10;11,NonConflictingSets,pass,QWC
WT_TMP_G0530,1,true,true,0,0;1;2;3;6;7;8;9;10;11,NonConflictingSets,pass,QWC
WT_TMP_G0531,1,true,true,0,3;4;7;8;9;10,NonConflictingSets,pass,QWC
WT_TMP_G0532,1,true,true,0,1;2;3;4;5;6;7;8;9;10,NonConflictingSets,pass,QWC
WT_TMP_G0533,1,true,true,0,0;1;2;3;4;5;7;8;9;10,NonConflictingSets,pass,QWC
WT_TMP_G0534,1,true,true,0,1;2;6;7;8;9;10;11,NonConflictingSets,pass,QWC
WT_TMP_G0535,1,true,true,0,1;2;3;4;5;6;7;9;10;11,NonConflictingSets,pass,QWC
WT_TMP_G0536,1,true,true,0,4;5;7;8;9;10,NonConflictingSets,pass,QWC
WT_TMP_G0537,1,true,true,0,0;1;3;4;5;6;7;8,NonConflictingSets,pass,QWC
WT_TMP_G0538,1,true,true,0,0;1;2;3;4;6;7;8;9;10,NonConflictingSets,pass,QWC
WT_TMP_G0539,1,true,true,0,0;1;2;3;4;5;6;7;8;9;10;11,NonConflictingSets,pass,QWC
WT_TMP_G0540,1,true,true,0,0;1;2;3;6;7;8;9,NonConflictingSets,pass,QWC
WT_TMP_G0541,1,true,true,0,1;2;3;4;5;7;8;9;10;11,NonConflictingSets,pass,QWC
WT_TMP_G0542,1,true,true,0,3;4;5;6;7;8;10;11,NonConflictingSets,pass,QWC
WT_TMP_G0543,1,true,true,0,0;1;2;3;5;6;7;8;9;10,NonConflictingSets,pass,QWC
WT_TMP_G0544,1,true,true,0,0;1;2;3;4;5;8;9;10;11,NonConflictingSets,pass,QWC
WT_TMP_G0545,1,true,true,0,0;1;2;3;4;5;7;8;9;10,NonConflictingSets,pass,QWC
WT_TMP_G0546,1,true,true,0,3;4;5;7;8;9,NonConflictingSets,pass,QWC
WT_TMP_G0547,1,true,true,0,1;2;3;4;5;6;8;9;10;11,NonConflictingSets,pass,QWC
WT_TMP_G0548,1,true,true,0,1;2;3;4;5;7;8;9,NonConflictingSets,pass,QWC
WT_TMP_G0549,1,true,true,0,0;1;2;3;4;5;6;7;8;9;10;11,NonConflictingSets,pass,QWC
WT_TMP_G0550,1,true,true,0,0;1;2;3;4;5;6;9;10;11,NonConflictingSets,pass,QWC
WT_TMP_G0551,1,true,true,0,1;2;3;4;5;6;8;9;10;11,NonConflictingSets,pass,QWC
WT_TMP_G0552,1,true,true,0,1;2;3;4;5;6;7;8;9;10,NonConflictingSets,pass,QWC
WT_TMP_G0553,1,true,true,0,2;3;6;7;8;9;10;11,NonConflictingSets,pass,QWC
WT_TMP_G0554,1,true,true,0,2;3;6;7;8;9,NonConflictingSets,pass,QWC
WT_TMP_G0555,2,true,true,0,3;4;5;6;7;8;9;10;11,NonConflictingSets,pass,QWC
WT_TMP_G0556,1,true,true,0,1;2;3;4;6;7;8;9;10;11,NonConflictingSets,pass,QWC
WT_TMP_G0557,1,true,true,0,4;5;8;9;10;11,NonConflictingSets,pass,QWC
WT_TMP_G0558,1,true,true,0,0;1;2;3;4;5;6;7;8;9;10;11,NonConflictingSets,pass,QWC
WT_TMP_G0559,1,true,true,0,3;4;5;6;7;8;9;10,NonConflictingSets,pass,QWC
WT_TMP_G0560,1,true,true,0,1;2;3;4;8;9,NonConflictingSets,pass,QWC
WT_TMP_G0561,1,true,true,0,1;2;3;4;5;9;10;11,NonConflictingSets,pass,QWC
WT_TMP_G0562,1,true,true,0,2;3;4;5;6;7;9;10,NonConflictingSets,pass,QWC
WT_TMP_G0563,1,true,true,0,2;3;4;5;6;7;8;9,NonConflictingSets,pass,QWC
WT_TMP_G0564,1,true,true,0,1;2;6;7;8;9;10;11,NonConflictingSets,pass,QWC
WT_TMP_G0565,1,true,true,0,2;3;4;5;6;7;8;9;10;11,NonConflictingSets,pass,QWC
WT_TMP_G0566,1,true,true,0,0;1;2;3;5;6;7;8;9;10,NonConflictingSets,pass,QWC
WT_TMP_G0567,1,true,true,0,2;3;4;5;9;10,NonConflictingSets,pass,QWC
WT_TMP_G0568,1,true,true,0,0;1;2;3;4;5;6;7;8;9;10;11,NonConflictingSets,pass,QWC
WT_TMP_G0569,1,true,true,0,0;1;2;3;4;5;6;7;8;9;10;11,NonConflictingSets,pass,QWC
WT_TMP_G0570,1,true,true,0,0;1;2;4;5;6;7;8,NonConflictingSets,pass,QWC
WT_TMP_G0571,1,true,true,0,2;3;4;5;6;7;8;9,NonConflictingSets,pass,QWC
WT_TMP_G0572,1,true,true,0,0;1;2;3;4;5;6;7;8;9;10;11,NonConflictingSets,pass,QWC
WT_TMP_G0573,1,true,true,0,1;2;4;5;6;7;8;9;10;11,NonConflictingSets,pass,QWC
WT_TMP_G0574,1,true,true,0,2;3;4;5;8;9,NonConflictingSets,pass,QWC
WT_TMP_G0575,1,true,true,0,0;1;2;3;4;7;8;9,NonConflictingSets,pass,QWC
WT_TMP_G0576,1,true,true,0,0;1;2;3;4;5;6;7;8;9;10;11,NonConflictingSets,pass,QWC
